username,full_name,password,camp_name,phone_number,email,medic,activation
tiffgerst,Tiffany Gerstmeyr,aa37ef53d7e806f970f1a64d7ea75bd2e42a8ab242c6a40675ab0dda4900fdaa4774dc1cffc77bcd7957dac846123266c64cd9088d4edcc14d591feea43ad2b393cbc98782ab07bdb1a17385d9e8d7f3bef3dbe4ec4b652822b5f484bdbeb20f,No Brainer,73406674532,tiffgerst@gmail.com,True,True
MironK,Miron Kiselev,14efb7d40df3625ca4c6898a0f46572a3b95fedb2dbaabbdc6a98521636deaae160502cd7d6372ab72cf53a85b9b7590834f04955c2838e61e64458cf705df2f396f35e5ca6ca354855047ef737d1fc857186ba8a8f6de251fa3a8aea8ae8905,Tesla Refugee Camp,6384023,mk@gmail.com,False,True
Javier,Javier Jamme,14efb7d40df3625ca4c6898a0f46572a3b95fedb2dbaabbdc6a98521636deaae160502cd7d6372ab72cf53a85b9b7590834f04955c2838e61e64458cf705df2f396f35e5ca6ca354855047ef737d1fc857186ba8a8f6de251fa3a8aea8ae8905,Argentina Earthquake Relief,8112164517,adinisco0@shutterfly.com,False,True
Eric,Eric Turl,14efb7d40df3625ca4c6898a0f46572a3b95fedb2dbaabbdc6a98521636deaae160502cd7d6372ab72cf53a85b9b7590834f04955c2838e61e64458cf705df2f396f35e5ca6ca354855047ef737d1fc857186ba8a8f6de251fa3a8aea8ae8905,None,1549380371,nstinchcombe1@psu.edu,False,True
Stacy,Stacy Dykins,14efb7d40df3625ca4c6898a0f46572a3b95fedb2dbaabbdc6a98521636deaae160502cd7d6372ab72cf53a85b9b7590834f04955c2838e61e64458cf705df2f396f35e5ca6ca354855047ef737d1fc857186ba8a8f6de251fa3a8aea8ae8905,Amazon Fulfillment Centre,1608363024,rpottle2@exblog.jp,False,True
Sloane,Sloane Fincken,14efb7d40df3625ca4c6898a0f46572a3b95fedb2dbaabbdc6a98521636deaae160502cd7d6372ab72cf53a85b9b7590834f04955c2838e61e64458cf705df2f396f35e5ca6ca354855047ef737d1fc857186ba8a8f6de251fa3a8aea8ae8905,Ecuador Earthquake Relief,2829252499,fdeamaya3@multiply.com,False,True
Angelina,Angelina Starbeck,14efb7d40df3625ca4c6898a0f46572a3b95fedb2dbaabbdc6a98521636deaae160502cd7d6372ab72cf53a85b9b7590834f04955c2838e61e64458cf705df2f396f35e5ca6ca354855047ef737d1fc857186ba8a8f6de251fa3a8aea8ae8905,None,5465867595,mswalowe4@sfgate.com,True,True
Tyler,Tyler Lapere,14efb7d40df3625ca4c6898a0f46572a3b95fedb2dbaabbdc6a98521636deaae160502cd7d6372ab72cf53a85b9b7590834f04955c2838e61e64458cf705df2f396f35e5ca6ca354855047ef737d1fc857186ba8a8f6de251fa3a8aea8ae8905,Brazil Earthquake relief,9477623216,kbruckshaw5@soup.io,True,True
Alexa,Alexa Vint,14efb7d40df3625ca4c6898a0f46572a3b95fedb2dbaabbdc6a98521636deaae160502cd7d6372ab72cf53a85b9b7590834f04955c2838e61e64458cf705df2f396f35e5ca6ca354855047ef737d1fc857186ba8a8f6de251fa3a8aea8ae8905,None,3611943294,aprime6@cam.ac.uk,True,True
Lexi,Lexi Balentyne,14efb7d40df3625ca4c6898a0f46572a3b95fedb2dbaabbdc6a98521636deaae160502cd7d6372ab72cf53a85b9b7590834f04955c2838e61e64458cf705df2f396f35e5ca6ca354855047ef737d1fc857186ba8a8f6de251fa3a8aea8ae8905,None,9745707008,tbeck7@google.co.jp,True,True
Anelia,Anelia Moorhouse,14efb7d40df3625ca4c6898a0f46572a3b95fedb2dbaabbdc6a98521636deaae160502cd7d6372ab72cf53a85b9b7590834f04955c2838e61e64458cf705df2f396f35e5ca6ca354855047ef737d1fc857186ba8a8f6de251fa3a8aea8ae8905,Brazil Earthquake relief,7013600868,bkittow8@imdb.com,False,True
Alma,Alma Dohmann,14efb7d40df3625ca4c6898a0f46572a3b95fedb2dbaabbdc6a98521636deaae160502cd7d6372ab72cf53a85b9b7590834f04955c2838e61e64458cf705df2f396f35e5ca6ca354855047ef737d1fc857186ba8a8f6de251fa3a8aea8ae8905,Neutral Peace Zone,4345240787,bkesper9@cam.ac.uk,False,True
Harvey,Harvey Joyes,14efb7d40df3625ca4c6898a0f46572a3b95fedb2dbaabbdc6a98521636deaae160502cd7d6372ab72cf53a85b9b7590834f04955c2838e61e64458cf705df2f396f35e5ca6ca354855047ef737d1fc857186ba8a8f6de251fa3a8aea8ae8905,None,7152774428,dgrivoria@tripod.com,True,True
Rufus,Rufus Matisse,14efb7d40df3625ca4c6898a0f46572a3b95fedb2dbaabbdc6a98521636deaae160502cd7d6372ab72cf53a85b9b7590834f04955c2838e61e64458cf705df2f396f35e5ca6ca354855047ef737d1fc857186ba8a8f6de251fa3a8aea8ae8905,Brazil Earthquake relief,6393078642,rakersb@domainmarket.com,True,True
Sofia,Sofia Lackinton,14efb7d40df3625ca4c6898a0f46572a3b95fedb2dbaabbdc6a98521636deaae160502cd7d6372ab72cf53a85b9b7590834f04955c2838e61e64458cf705df2f396f35e5ca6ca354855047ef737d1fc857186ba8a8f6de251fa3a8aea8ae8905,Brazil Earthquake relief,2944673116,bchapmanc@howstuffworks.com,True,True
Charlize,Charlize Janeczek,14efb7d40df3625ca4c6898a0f46572a3b95fedb2dbaabbdc6a98521636deaae160502cd7d6372ab72cf53a85b9b7590834f04955c2838e61e64458cf705df2f396f35e5ca6ca354855047ef737d1fc857186ba8a8f6de251fa3a8aea8ae8905,Amazon Fulfillment Centre,1874117679,apavlikd@privacy.gov.au,False,True
Janice,Janice Strathdee,14efb7d40df3625ca4c6898a0f46572a3b95fedb2dbaabbdc6a98521636deaae160502cd7d6372ab72cf53a85b9b7590834f04955c2838e61e64458cf705df2f396f35e5ca6ca354855047ef737d1fc857186ba8a8f6de251fa3a8aea8ae8905,None,4609815574,ggaymere@europa.eu,True,True
Cristal,Cristal Tucsell,14efb7d40df3625ca4c6898a0f46572a3b95fedb2dbaabbdc6a98521636deaae160502cd7d6372ab72cf53a85b9b7590834f04955c2838e61e64458cf705df2f396f35e5ca6ca354855047ef737d1fc857186ba8a8f6de251fa3a8aea8ae8905,No Brainer,7829997371,hgrindrodf@webeden.co.uk,False,True
Tony,Tony Tebald,14efb7d40df3625ca4c6898a0f46572a3b95fedb2dbaabbdc6a98521636deaae160502cd7d6372ab72cf53a85b9b7590834f04955c2838e61e64458cf705df2f396f35e5ca6ca354855047ef737d1fc857186ba8a8f6de251fa3a8aea8ae8905,No Brainer,9676996684,gwoollastong@hexun.com,True,True
Bart,Bart Luc,14efb7d40df3625ca4c6898a0f46572a3b95fedb2dbaabbdc6a98521636deaae160502cd7d6372ab72cf53a85b9b7590834f04955c2838e61e64458cf705df2f396f35e5ca6ca354855047ef737d1fc857186ba8a8f6de251fa3a8aea8ae8905,Argentina Earthquake Relief,8953562584,fhowsegoh@elpais.com,False,True
Denny,Denny Hanbridge,14efb7d40df3625ca4c6898a0f46572a3b95fedb2dbaabbdc6a98521636deaae160502cd7d6372ab72cf53a85b9b7590834f04955c2838e61e64458cf705df2f396f35e5ca6ca354855047ef737d1fc857186ba8a8f6de251fa3a8aea8ae8905,Ecuador Earthquake Relief,3361053668,dreddecliffei@nsw.gov.au,True,True
Barry,Barry Casely,14efb7d40df3625ca4c6898a0f46572a3b95fedb2dbaabbdc6a98521636deaae160502cd7d6372ab72cf53a85b9b7590834f04955c2838e61e64458cf705df2f396f35e5ca6ca354855047ef737d1fc857186ba8a8f6de251fa3a8aea8ae8905,None,3032952704,rmcgreadyj@cnbc.com,False,True
Ember,Ember Eddisford,14efb7d40df3625ca4c6898a0f46572a3b95fedb2dbaabbdc6a98521636deaae160502cd7d6372ab72cf53a85b9b7590834f04955c2838e61e64458cf705df2f396f35e5ca6ca354855047ef737d1fc857186ba8a8f6de251fa3a8aea8ae8905,None,8145376158,eaustenk@cyberchimps.com,False,True
Sadie,Sadie Docker,14efb7d40df3625ca4c6898a0f46572a3b95fedb2dbaabbdc6a98521636deaae160502cd7d6372ab72cf53a85b9b7590834f04955c2838e61e64458cf705df2f396f35e5ca6ca354855047ef737d1fc857186ba8a8f6de251fa3a8aea8ae8905,None,8927697524,glamyl@ox.ac.uk,True,True
Rihanna,Rihanna Mansuer,14efb7d40df3625ca4c6898a0f46572a3b95fedb2dbaabbdc6a98521636deaae160502cd7d6372ab72cf53a85b9b7590834f04955c2838e61e64458cf705df2f396f35e5ca6ca354855047ef737d1fc857186ba8a8f6de251fa3a8aea8ae8905,Brazil Earthquake relief,6959632336,gterringtonm@sciencedirect.com,True,True
Anne,Anne Overil,14efb7d40df3625ca4c6898a0f46572a3b95fedb2dbaabbdc6a98521636deaae160502cd7d6372ab72cf53a85b9b7590834f04955c2838e61e64458cf705df2f396f35e5ca6ca354855047ef737d1fc857186ba8a8f6de251fa3a8aea8ae8905,Tesla Refugee Camp,7835517283,mcockburnn@mac.com,True,True
Karen,Karen Fadden,14efb7d40df3625ca4c6898a0f46572a3b95fedb2dbaabbdc6a98521636deaae160502cd7d6372ab72cf53a85b9b7590834f04955c2838e61e64458cf705df2f396f35e5ca6ca354855047ef737d1fc857186ba8a8f6de251fa3a8aea8ae8905,Argentina Earthquake Relief,8141693275,npadello@slate.com,False,True
Kieth,Keith Mockler,14efb7d40df3625ca4c6898a0f46572a3b95fedb2dbaabbdc6a98521636deaae160502cd7d6372ab72cf53a85b9b7590834f04955c2838e61e64458cf705df2f396f35e5ca6ca354855047ef737d1fc857186ba8a8f6de251fa3a8aea8ae8905,Tesla Refugee Camp,3613308520,cbugdellp@nhs.uk,False,True
Julianna,Julianna Rispine,14efb7d40df3625ca4c6898a0f46572a3b95fedb2dbaabbdc6a98521636deaae160502cd7d6372ab72cf53a85b9b7590834f04955c2838e61e64458cf705df2f396f35e5ca6ca354855047ef737d1fc857186ba8a8f6de251fa3a8aea8ae8905,Argentina Earthquake Relief,8205637396,agarsideq@slashdot.org,True,True
Moira,Moira Kunneke,14efb7d40df3625ca4c6898a0f46572a3b95fedb2dbaabbdc6a98521636deaae160502cd7d6372ab72cf53a85b9b7590834f04955c2838e61e64458cf705df2f396f35e5ca6ca354855047ef737d1fc857186ba8a8f6de251fa3a8aea8ae8905,Ecuador Earthquake Relief,9995303759,ipyer@china.com.cn,True,True
Sylvia,Sylvia Charnley,14efb7d40df3625ca4c6898a0f46572a3b95fedb2dbaabbdc6a98521636deaae160502cd7d6372ab72cf53a85b9b7590834f04955c2838e61e64458cf705df2f396f35e5ca6ca354855047ef737d1fc857186ba8a8f6de251fa3a8aea8ae8905,Amazon Fulfillment Centre,8221062053,bashbeys@stumbleupon.com,False,True
Maia,Maia Jorge,14efb7d40df3625ca4c6898a0f46572a3b95fedb2dbaabbdc6a98521636deaae160502cd7d6372ab72cf53a85b9b7590834f04955c2838e61e64458cf705df2f396f35e5ca6ca354855047ef737d1fc857186ba8a8f6de251fa3a8aea8ae8905,None,6686564460,tlusheyt@indiatimes.com,True,True
Domenic,Domenic Huc,14efb7d40df3625ca4c6898a0f46572a3b95fedb2dbaabbdc6a98521636deaae160502cd7d6372ab72cf53a85b9b7590834f04955c2838e61e64458cf705df2f396f35e5ca6ca354855047ef737d1fc857186ba8a8f6de251fa3a8aea8ae8905,Tesla Refugee Camp,6631662156,cyakuntsovu@yolasite.com,False,True
Mike,Mike Oosthout de Vree,14efb7d40df3625ca4c6898a0f46572a3b95fedb2dbaabbdc6a98521636deaae160502cd7d6372ab72cf53a85b9b7590834f04955c2838e61e64458cf705df2f396f35e5ca6ca354855047ef737d1fc857186ba8a8f6de251fa3a8aea8ae8905,Ecuador Earthquake Relief,5707406060,ypresswellv@meetup.com,True,True
Matt,Matt Grinnov,14efb7d40df3625ca4c6898a0f46572a3b95fedb2dbaabbdc6a98521636deaae160502cd7d6372ab72cf53a85b9b7590834f04955c2838e61e64458cf705df2f396f35e5ca6ca354855047ef737d1fc857186ba8a8f6de251fa3a8aea8ae8905,No Brainer,5223512953,oarmorw@wsj.com,True,True
Phoebe,Phoebe Trembey,14efb7d40df3625ca4c6898a0f46572a3b95fedb2dbaabbdc6a98521636deaae160502cd7d6372ab72cf53a85b9b7590834f04955c2838e61e64458cf705df2f396f35e5ca6ca354855047ef737d1fc857186ba8a8f6de251fa3a8aea8ae8905,Ecuador Earthquake Relief,5734421509,briedigerx@deliciousdays.com,True,True
Tyson,Tyson Nias,14efb7d40df3625ca4c6898a0f46572a3b95fedb2dbaabbdc6a98521636deaae160502cd7d6372ab72cf53a85b9b7590834f04955c2838e61e64458cf705df2f396f35e5ca6ca354855047ef737d1fc857186ba8a8f6de251fa3a8aea8ae8905,Tesla Refugee Camp,1221332441,jgutselly@com.com,True,True
Julius,Julius Andreix,14efb7d40df3625ca4c6898a0f46572a3b95fedb2dbaabbdc6a98521636deaae160502cd7d6372ab72cf53a85b9b7590834f04955c2838e61e64458cf705df2f396f35e5ca6ca354855047ef737d1fc857186ba8a8f6de251fa3a8aea8ae8905,No Brainer,7784020939,bgirardiz@archive.org,True,True
Wade,Wade Perdue,14efb7d40df3625ca4c6898a0f46572a3b95fedb2dbaabbdc6a98521636deaae160502cd7d6372ab72cf53a85b9b7590834f04955c2838e61e64458cf705df2f396f35e5ca6ca354855047ef737d1fc857186ba8a8f6de251fa3a8aea8ae8905,Argentina Earthquake Relief,2759925371,ffranchi10@gnu.org,False,True
Sofie,Sofie Meineking,14efb7d40df3625ca4c6898a0f46572a3b95fedb2dbaabbdc6a98521636deaae160502cd7d6372ab72cf53a85b9b7590834f04955c2838e61e64458cf705df2f396f35e5ca6ca354855047ef737d1fc857186ba8a8f6de251fa3a8aea8ae8905,None,9966763628,awhiskin11@booking.com,True,True
Chad,Chad Livett,14efb7d40df3625ca4c6898a0f46572a3b95fedb2dbaabbdc6a98521636deaae160502cd7d6372ab72cf53a85b9b7590834f04955c2838e61e64458cf705df2f396f35e5ca6ca354855047ef737d1fc857186ba8a8f6de251fa3a8aea8ae8905,No Brainer,9417640787,vfarmer12@fotki.com,False,True
Teagan,Teagan Potkins,14efb7d40df3625ca4c6898a0f46572a3b95fedb2dbaabbdc6a98521636deaae160502cd7d6372ab72cf53a85b9b7590834f04955c2838e61e64458cf705df2f396f35e5ca6ca354855047ef737d1fc857186ba8a8f6de251fa3a8aea8ae8905,None,6552355225,orowes13@reference.com,False,True
Percy,Percy Fligg,14efb7d40df3625ca4c6898a0f46572a3b95fedb2dbaabbdc6a98521636deaae160502cd7d6372ab72cf53a85b9b7590834f04955c2838e61e64458cf705df2f396f35e5ca6ca354855047ef737d1fc857186ba8a8f6de251fa3a8aea8ae8905,None,3791101723,lbrannon14@jugem.jp,False,True
Russel,Russel Morrowe,14efb7d40df3625ca4c6898a0f46572a3b95fedb2dbaabbdc6a98521636deaae160502cd7d6372ab72cf53a85b9b7590834f04955c2838e61e64458cf705df2f396f35e5ca6ca354855047ef737d1fc857186ba8a8f6de251fa3a8aea8ae8905,Brazil Earthquake relief,9767883650,pwegman15@rambler.ru,False,True
Claire,Claire Lubeck,14efb7d40df3625ca4c6898a0f46572a3b95fedb2dbaabbdc6a98521636deaae160502cd7d6372ab72cf53a85b9b7590834f04955c2838e61e64458cf705df2f396f35e5ca6ca354855047ef737d1fc857186ba8a8f6de251fa3a8aea8ae8905,Ecuador Earthquake Relief,2686578910,wcraigheid16@squidoo.com,True,True
Brad,Brad Bartoletti,14efb7d40df3625ca4c6898a0f46572a3b95fedb2dbaabbdc6a98521636deaae160502cd7d6372ab72cf53a85b9b7590834f04955c2838e61e64458cf705df2f396f35e5ca6ca354855047ef737d1fc857186ba8a8f6de251fa3a8aea8ae8905,Neutral Peace Zone,4282738188,atrenbey17@hp.com,True,True
Mattie,Mattie Saker,14efb7d40df3625ca4c6898a0f46572a3b95fedb2dbaabbdc6a98521636deaae160502cd7d6372ab72cf53a85b9b7590834f04955c2838e61e64458cf705df2f396f35e5ca6ca354855047ef737d1fc857186ba8a8f6de251fa3a8aea8ae8905,Argentina Earthquake Relief,1373624015,mbyles18@va.gov,True,True
Javier,Javier Warne,14efb7d40df3625ca4c6898a0f46572a3b95fedb2dbaabbdc6a98521636deaae160502cd7d6372ab72cf53a85b9b7590834f04955c2838e61e64458cf705df2f396f35e5ca6ca354855047ef737d1fc857186ba8a8f6de251fa3a8aea8ae8905,None,9361154094,dfallow19@examiner.com,False,True
Erick,Erick Hatwell,14efb7d40df3625ca4c6898a0f46572a3b95fedb2dbaabbdc6a98521636deaae160502cd7d6372ab72cf53a85b9b7590834f04955c2838e61e64458cf705df2f396f35e5ca6ca354855047ef737d1fc857186ba8a8f6de251fa3a8aea8ae8905,None,6426313763,wosborne1a@shinystat.com,False,False
Stacy,Stacy Ximenez,14efb7d40df3625ca4c6898a0f46572a3b95fedb2dbaabbdc6a98521636deaae160502cd7d6372ab72cf53a85b9b7590834f04955c2838e61e64458cf705df2f396f35e5ca6ca354855047ef737d1fc857186ba8a8f6de251fa3a8aea8ae8905,Argentina Earthquake Relief,5882050934,tfancy1b@imgur.com,False,True
Sloane,Sloane Lehrahan,14efb7d40df3625ca4c6898a0f46572a3b95fedb2dbaabbdc6a98521636deaae160502cd7d6372ab72cf53a85b9b7590834f04955c2838e61e64458cf705df2f396f35e5ca6ca354855047ef737d1fc857186ba8a8f6de251fa3a8aea8ae8905,Ecuador Earthquake Relief,3439887752,eantonias1c@stanford.edu,True,True
Angelica,Angelica Dunklee,14efb7d40df3625ca4c6898a0f46572a3b95fedb2dbaabbdc6a98521636deaae160502cd7d6372ab72cf53a85b9b7590834f04955c2838e61e64458cf705df2f396f35e5ca6ca354855047ef737d1fc857186ba8a8f6de251fa3a8aea8ae8905,No Brainer,3601054491,rorford1d@woothemes.com,False,True
anelia1,Anelia Gaydardzhieva,1467b7fcf1778842f7f3c0e08e45274a8df4199fbeaaeeb0fc1c33079b55bf2135594a210406191b310a7625811bfd64c4462b7c8f15c2f8bb2557344573c0df6887b311714425e4ec0fb05ded683f45e0d13edb79c6886f1c2ab0aafcdc113e,Tesla Refugee Camp,07712123221,aneliakg1@gmail.com,True,True
